Item Name,ID,Item Code
DRAIN PUMP FHC125KVE,960878,960878
OTHER SALES PROMOTION CV BINTANG PLASMA,10,10
INSTORE PROMO CV BINTANG PLASMA,100007,100007
REMOTE GREE GWC09C3ES,100008,100008
SHOP SIGN,100012,100012
Pembelian Aset,100013,100013
MIYAKO 1606XPL,1606XPL,1606XPL
THERMISTOR FCNQ42MV,1706394,1706394
THERMISTOR ASSY,2257105,2257105
PLATE FINNED COIL HEAT EXCH ASSY,2547453,2547453
DAIKIN 2MKC20RVM (15+15),2MKC20RVM1515,2MKC20RVM1515
DAIKIN 2MKC20RVM (15+20),2MKC20RVM1520,2MKC20RVM1520
DAIKIN 2MKC30QVM (15+15),2MKC30QVM1515,2MKC30QVM1515
DAIKIN 2MKC30QVM (15+20),2MKC30QVM1520,2MKC30QVM1520
TCL 32D3000B,32D3000B,32D3000B
LG 32LM5500,32LM5500,32LM5500
LG 32LR650,32LR650,32LR650
SAMSUNG 32T4503,32T4503,32T4503
POLYTRON 32V1753,32V1753,32V1753
DAIKIN REMOTE CONTROLLER BRC1NU64,4006174,4006174
DAIKIN FAN ROTOR,4009395,4009395
EVAPORATOR FCNQ42MV,4010742,4010742
DRAIN PAN ASSY,4010814,4010814
DAIKIN CAPACITOR RNE25MV14,4012123,4012123
PCB ASSY ENTRY TABLE,4012700,4012700
KOMPRESSOR DAIKIN RNE25MV14,4013825,4013825
DAIKIN PCB FTNE25MV,4013947,4013947
RC50AXV,4014960,4014960
FAN MOTOR INDOOR STC50NV14,4016166,4016166
FAN MOTOR INDOOR FTNE15MV,4016279,4016279
HANDSET 4018422 FTV.CXV,4018422,4018422
REMOTE CONTROL ASSY DAIKIN,4019416,4019416
COMPRESSOR ASSY RC35NV,4021346,4021346
KOMPRESSOR DAIKIN RC50NV,4022320,4022320
KOMPRESSOR DAIKIN RC60NV,4022321,4022321
EVAPORATOR FTC15NV,4022515,4022515
SONY 40R35C,40R35C,40R35C
LG 43LM5500,43LM5500,43LM5500
TCL 43S5400A,43S5400A,43S5400A
LG 43UQ7500,43UQ7500,43UQ7500
LG 50UQ7500,50UQ7500,50UQ7500
SAMSUNG 65BU8500,65BU8500,65BU8500
HISENSE 75Q6N,75Q6N,75Q6N
AKARI A05TC88LW,A05TC88LW,A05TC88LW
AKARI A05TC88NLW,A05TC88NLW,A05TC88NLW
AKARI A09TC88LW,A09TC88LW,A09TC88LW
AKARI A09TC88NLW,A09TC88NLW,A09TC88NLW
AKARI A-12E7LW,A12E7LW,A12E7LW
"ARA 1/4""-1/2"" (0,60-0,60)",A1412,A1412
,,
,,
"ARA 1/4""-3/8"" (0,60-0,60)",A1438,A1438
,,
,,
"ARA 1/4""-5/8"" (0,60-0,60)",A1458,A1458
,,
,,
AKARI A-18E7LW,A18E7LW,A18E7LW
"ARA 3/8""-5/8"" (0,60-0,65)",A3858,A3858
,,
,,
TRADE IN,AC BEKAS KECIL,AC BEKAS KECIL
SAMSUNG AC035TN1DKC/EA,AC035TN1DKC/EA,AC035TN1DKC/EA
SAMSUNG AC052TN4DKC/EA,AC052TN4DKC/EA,AC052TN4DKC/EA
SAMSUNG AC052TN4PKC/EA,AC052TN4PKC/EA,AC052TN4PKC/EA
SAMSUNG AC071TN4PKC/EA,AC071TN4PKC/EA,AC071TN4PKC/EA
SAMSUNG AC100TN4DKC/EA3,AC100TN4DKC/EA3,AC100TN4DKC/EA3
SAMSUNG AC100TN4PKC/EA1,AC100TN4PKC/EA1,AC100TN4PKC/EA1
SAMSUNG AC100TN4PKC/EA3,AC100TN4PKC/EA3,AC100TN4PKC/EA3
SAMSUNG AC120TN4PKC/EA3,AC120TN4PKC/EA3,AC120TN4PKC/EA3
JASA AFFILIATE,AFFILIATE,AFFILIATE
RSA AGATE-200N,AGATE200N,AGATE200N
RSA AGATE-240,AGATE240,AGATE240
SHARP AH-A12SAY,AHA12SAY,AHA12SAY
SHARP AH-A12ZCY,AHA12ZCY,AHA12ZCY
SHARP AH-A18SAY,AHA18SAY,AHA18SAY
SHARP AH-A18ZCY,AHA18ZCY,AHA18ZCY
SHARP AH-A5BEY,AHA5BEY,AHA5BEY
SHARP AH-A5ZCY,AHA5ZCY,AHA5ZCY
SHARP AH-A7BEY,AHA7BEY,AHA7BEY
SHARP AH-A9BEY,AHA9BEY,AHA9BEY
SHARP AH-A9ZCY,AHA9ZCY,AHA9ZCY
SHARP AH-AP5BMY,AHAP5BMY,AHAP5BMY
SHARP AH-AP7BMY,AHAP7BMY,AHAP7BMY
SHARP AH-AP7UHL,AHAP7UHL,AHAP7UHL
SHARP AH-AP9BMY,AHAP9BMY,AHAP9BMY
SHARP AH-X10BEY,AHX10BEY,AHX10BEY
SHARP AH-X13BEY,AHX13BEY,AHX13BEY
SHARP AH-X13ZY,AHX13ZY,AHX13ZY
SHARP AH-X18ZY,AHX18ZY,AHX18ZY
SHARP AH-X6BEY,AHX6BEY,AHX6BEY
SHARP AH-XP10VXY,AHXP10VXY,AHXP10VXY
HISENSE AI06KCG,AI06KCG,AI06KCG
HISENSE AI09KCG,AI09KCG,AI09KCG
HISENSE AI12KCG,AI12KCG,AI12KCG
HISENSE AI18KCG,AI18KCG,AI18KCG
AUX ALCA-C18/4R3YBA-R,ALCAC18/4R3YBAR,ALCAC18/4R3YBAR
AUX ALCA-C30/4R3YBA-R,ALCAC30/4R3YBAR,ALCAC30/4R3YBAR
AUX ALCA-C48/4R3YBA-R,ALCAC48/4R3YBAR,ALCAC48/4R3YBAR
SAMSUNG - OUTDOOR DVM ECO (COOLING ONLY) - AM040TXMNKC/EA,AM040TXMNKC/EA,AM040TXMNKC/EA
SAMSUNG - 1WAY WINDFREE - AM056NN1DEH/TK,AM056NN1DEH/TK,AM056NN1DEH/TK
SAMSUNG - 360 CASSETTE - AM090KN4DEH/TK,AM090KN4DEH/TK,AM090KN4DEH/TK
SAMSUNG - OUTDOOR DVM ECO (COOLING ONLY) - AM120TXMDNC/EA,AM120TXMDNC/EA,AM120TXMDNC/EA
HISENSE AN05CDG,AN05CDG,AN05CDG
HISENSE AN09CDG,AN09CDG,AN09CDG
HISENSE AN12CDG,AN12CDG,AN12CDG
HISENSE AN18CDG,AN18CDG,AN18CDG
ARISTON AN210B,AN210B,AN210B
AQUA AP48KC1QRA + 1U48NC1QAB,AP48KC1QRA/1U48NC1QAB,AP48KC1QRA/1U48NC1QAB
LG APNQ100LFA0,APNQ100LFA0,APNQ100LFA0
LG APNQ200LNA0,APNQ200LNA0,APNQ200LNA0
AQUA AQA-KCR10VSW,AQAKCR10VSW,AQAKCR10VSW
AQUA AQAKCR12AHQ,AQAKCR12AHQ,AQAKCR12AHQ
AQUA AQA-KCR12FQAL,AQAKCR12FQAL,AQAKCR12FQAL
AQUA AQA-KCR18FQAL,AQAKCR18FQAL,AQAKCR18FQAL
AQUA AQA-KCR18FQBL,AQAKCR18FQBL,AQAKCR18FQBL
AQUA AQA-KCR19VSW,AQAKCR19VSW,AQAKCR19VSW
AQUA AQA-KCR25FQAL,AQAKCR25FQAL,AQAKCR25FQAL
AQUA AQAKCR5AHP,AQAKCR5AHP,AQAKCR5AHP
AQUA AQAKCR5AHQ1,AQAKCR5AHQ1,AQAKCR5AHQ1
AQUA AQAKCR5AHQC,AQAKCR5AHQC,AQAKCR5AHQC
AQUA AQAKCR5ANPC,AQAKCR5ANPC,AQAKCR5ANPC
AQUA AQA-KCR5FQBL,AQAKCR5FQBL,AQAKCR5FQBL
AQUA AQA-KCR5FQDL,AQAKCR5FQDL,AQAKCR5FQDL
AQUA AQA-KCR5VQCL,AQAKCR5VQCL,AQAKCR5VQCL
AQUA AQA-KCR5VRA,AQAKCR5VRA,AQAKCR5VRA
AQUA AQAKCR9AHQ1,AQAKCR9AHQ1,AQAKCR9AHQ1
AQUA AQAKCR9AHQC,AQAKCR9AHQC,AQAKCR9AHQC
AQUA AQAKCR9ANP,AQAKCR9ANP,AQAKCR9ANP
AQUA AQA-KCR9FQBL,AQAKCR9FQBL,AQAKCR9FQBL
AQUA AQA-KCR9FQDL,AQAKCR9FQDL,AQAKCR9FQDL
AQUA AQA-KCR9VQCL,AQAKCR9VQCL,AQAKCR9VQCL
AQUA AQA-KCR9VRA,AQAKCR9VRA,AQAKCR9VRA
AQUA AQAKCRV10WXW,AQAKCRV10WXW,AQAKCRV10WXW
AQUA AQAKCRV13WP,AQAKCRV13WP,AQAKCRV13WP
AQUA AQAKCRV9WHQ,AQAKCRV9WHQ,AQAKCRV9WHQ
AQUA AQR-D251,AQRD251,AQRD251
SAMSUNG AR05BGHQ,AR05BGHQ,AR05BGHQ
SAMSUNG AR05TGHQASINSE,AR05TGHQASINSE,AR05TGHQASINSE
SAMSUNG AR09BGHQ,AR09BGHQ,AR09BGHQ
SAMSUNG AR09TGHQASINSE,AR09TGHQASINSE,AR09TGHQASINSE
SAMSUNG AR10BYFAN,AR10BYFAN,AR10BYFAN
SAMSUNG AR10CYFAA,AR10CYFAA,AR10CYFAA
SAMSUNG AR12AYHLA,AR12AYHLA,AR12AYHLA
SAMSUNG AR12BGHQ,AR12BGHQ,AR12BGHQ
SAMSUNG AR12TGHQASINSE,AR12TGHQASINSE,AR12TGHQASINSE
SAMSUNG AR13BYFAN,AR13BYFAN,AR13BYFAN
SAMSUNG AR18AYHLA,AR18AYHLA,AR18AYHLA
SAMSUNG AR18BGHQ,AR18BGHQ,AR18BGHQ
SAMSUNG AR18BYFAN,AR18BYFAN,AR18BYFAN
ARA DUCT TAPE LEM,ARA-DTL,ARA-DTL
ARA DUCT TAPE NON LEM,ARA-DTNL,ARA-DTNL
DAIKIN REMOTE ARC470A13,ARC470A13,ARC470A13
REMOTE FTC50NV,ARC80A33,ARC80A33
ARMAFLEX INSULATION 3/8 TEBAL 13MM,ARMXINS38,ARMXINS38
,,
ARMAFLEX INSULATION 5/8 TEBAL 13MM,ARMXINS58,ARMXINS58
,,
LG AS60GHWG0,AS60GHWG0,AS60GHWG0
AUX ASW05A4/FAR3,ASW05A4FAR3,ASW05A4FAR3
AUX ASW05A4/FFR3,ASW05A4FFR3,ASW05A4FFR3
AUX ASW18A4/FAR3,ASW18A4FAR3,ASW18A4FAR3
LG ATNQ36GNLE7,ATNQ36GNLE7,ATNQ36GNLE7
HISENSE AUC-36CR4RDKA,AUC-36CR4RDKA,AUC-36CR4RDKA
HISENSE AUC-24CR4RBJA,AUC24CR4RBJA,AUC24CR4RBJA
HISENSE AUC-42CR6REKA,AUC42CR6REKA,AUC42CR6REKA
HISENSE AUF18CRG,AUF18CRG,AUF18CRG
HISENSE AUF24CRG,AUF24CRG,AUF24CRG
HISENSE AUF48CRG,AUF48CRG,AUF48CRG
"ZUTTO 1/4""-1/2"" (0,76-0,81)",B1412,B1412
,,
,,
"ZUTTO 1/4""-3/8"" (0,76-0,81)",B1438,B1438
,,
,,
"ZUTTO 1/4""-5/8"" (0,76-0,89)",B1458,B1458
,,
,,
"ZUTTO 3/8""-5/8"" (0,81-0,89)",B3858,B3858
,,
,,
BIAYA ADMINISTRASI,BA,BA
BESTLIFE BAC120FX,BAC120FX,BAC120FX
BESTLIFE BAC12CX,BAC12CX,BAC12CX
BESTLIFE BAC18CX,BAC18CX,BAC18CX
BESTLIFE BAC51FX,BAC51FX,BAC51FX
BESTLIFE BAC71FX,BAC71FX,BAC71FX
BAJA BRAKET 2 PK,BAJABRAKET2PK,BAJABRAKET2PK
BESTLIFE BEST05QAR3,BEST05QAR3,BEST05QAR3
AUX BEST-05/QCR3,BEST05QCR3,BEST05QCR3
BESTLIFE BEST09QAR3,BEST09QAR3,BEST09QAR3
BESTLIFE BEST12QAR3,BEST12QAR3,BEST12QAR3
AUX BEST-12/QCR3,BEST12QCR3,BEST12QCR3
BESTLIFE BEST18QAR3,BEST18QAR3,BEST18QAR3
AUX BEST-18/QCR3,BEST18QCR3,BEST18QCR3
BIAYA LAYANAN,BL,BL
BEBAS ONGKIR FEE,BO FEE,BO FEE
BIAYA PEMBAYARAN,BPB,BPB
BIAYA PEMELIHARAAN,BPL,BPL
DAIKIN WIRED REMOTE CONTROLLER,BRC1E63,BRC1E63
BEKO BSFSA050/051,BSFSA050/051,BSFSA050/051
CHANGHONG CCC48QW,CCC48QW,CCC48QW
RSA CF1200,CF1200,CF1200
RSA CF210,CF210,CF210
RSA CF-600H,CF600H,CF600H
CHANGHONG CHFS-24LA,CHFS24LA,CHFS24LA
CHANGHONG CHFS-48LA,CHFS48LA,CHFS48LA
CHANGHONG CSC-05CSD4,CSC05CSD4,CSC05CSD4
CHANGHONG CSC-05NVB4,CSC05NVB4,CSC05NVB4
CHANGHONG CSC-05NVC4,CSC05NVC4,CSC05NVC4
CHANGHONG CSC-05RDX4,CSC05RDX4,CSC05RDX4
CHANGHONG CSC-09CSD4,CSC09CSD4,CSC09CSD4
CHANGHONG CSC-09NVB4,CSC09NVB4,CSC09NVB4
CHANGHONG CSC-09NVC4,CSC09NVC4,CSC09NVC4
CHANGHONG CSC-09RDX4,CSC09RDX4,CSC09RDX4
CHANGHONG CSC-12NVB4,CSC12NVB4,CSC12NVB4
CHANGHONG CSC-18NVB3,CSC18NVB3,CSC18NVB3
PANASONIC CS/CU-J18FFP5,CSCUJ18FFP5,CSCUJ18FFP5
PANASONIC CS/CU-J45FFP8A,CSCUJ45FFP8A,CSCUJ45FFP8A
PANASONIC CS/CU-LN12AKJ,CSCULN12AKJ,CSCULN12AKJ
PANASONIC CS/CU-LN5AKJ,CSCULN5AKJ,CSCULN5AKJ
PANASONIC CS/CU-LN5WKJ,CSCULN5WKJ,CSCULN5WKJ
PANASONIC CS/CU-LN7AKJ,CSCULN7AKJ,CSCULN7AKJ
PANASONIC CS/CU-LN9AKJ,CSCULN9AKJ,CSCULN9AKJ
PANASONIC CS/CU-PN12WKJ,CSCUPN12WKJ,CSCUPN12WKJ
PANASONIC CS/CU-PN18AKJ,CSCUPN18AKJ,CSCUPN18AKJ
PANASONIC CS/CU-PN24AKJ,CSCUPN24AKJ,CSCUPN24AKJ
PANASONIC CS/CU-PN5AKJ,CSCUPN5AKJ,CSCUPN5AKJ
PANASONIC CS/CU-PN5WKJ,CSCUPN5WKJ,CSCUPN5WKJ
PANASONIC CS/CU-PN7AKJ,CSCUPN7AKJ,CSCUPN7AKJ
PANASONIC CS/CU-PN9AKJ,CSCUPN9AKJ,CSCUPN9AKJ
PANASONIC CS/CU-PN9WKJ,CSCUPN9WKJ,CSCUPN9WKJ
PANASONIC CS/CU-PU12AKJ,CSCUPU12AKJ,CSCUPU12AKJ
PANASONIC CS/CU-PU18AKJ,CSCUPU18AKJ,CSCUPU18AKJ
PANASONIC CS/CU-PU24AKJ,CSCUPU24AKJ,CSCUPU24AKJ
PANASONIC CS/CU-PU5AKJ,CSCUPU5AKJ,CSCUPU5AKJ
PANASONIC CS/CU-PU5XKJ,CSCUPU5XKJ,CSCUPU5XKJ
PANASONIC CS/CU-PU7AKJ,CSCUPU7AKJ,CSCUPU7AKJ
PANASONIC CS/CU-PU9AKJ,CSCUPU9AKJ,CSCUPU9AKJ
PANASONIC CS/CU-PU9XKJ,CSCUPU9XKJ,CSCUPU9XKJ
PANASONIC CS/CU-PV18RB4P,CSCUPV18RB4P,CSCUPV18RB4P
PANASONIC CS/CU-RU12AKJ,CSCURU12AKJ,CSCURU12AKJ
PANASONIC CS/CU-RU18AKJ,CSCURU18AKJ,CSCURU18AKJ
PANASONIC CS/CU-RU24AKJ,CSCURU24AKJ,CSCURU24AKJ
PANASONIC CS/CU-RU5AKJ,CSCURU5AKJ,CSCURU5AKJ
PANASONIC CS/CU-RU7AKJ,CSCURU7AKJ,CSCURU7AKJ
PANASONIC CS/CU-XPU18XKJ,CSCUXPU18XKJ,CSCUXPU18XKJ
PANASONIC CS/CU-YN12AKJ,CSCUYN12AKJ,CSCUYN12AKJ
PANASONIC CS/CU-YN12WKJ,CSCUYN12WKJ,CSCUYN12WKJ
PANASONIC CS/CU-YN18AKJ,CSCUYN18AKJ,CSCUYN18AKJ
PANASONIC CS/CU-YN18WKJ,CSCUYN18WKJ,CSCUYN18WKJ
PANASONIC CS/CU-YN24AKJ,CSCUYN24AKJ,CSCUYN24AKJ
PANASONIC CS/CU-YN24WKJ,CSCUYN24WKJ,CSCUYN24WKJ
PANASONIC CS/CU-YN5AKJ,CSCUYN5AKJ,CSCUYN5AKJ
PANASONIC CS/CU-YN7AKJ,CSCUYN7AKJ,CSCUYN7AKJ
PANASONIC CS/CU-YN7WKJ,CSCUYN7WKJ,CSCUYN7WKJ
PANASONIC CS/CU-YN9AKJ,CSCUYN9AKJ,CSCUYN9AKJ
PANASONIC CS/CU-ZN5YKP,CSCUZN5YKP,CSCUZN5YKP
PANASONIC CS/CU-ZN7YKP,CSCUZN7YKP,CSCUZN7YKP
PANASONIC CS/CU-ZN9YKP,CSCUZN9YKP,CSCUZN9YKP
DAIKIN CTKC15RVM4,CTKC15RVM4,CTKC15RVM4
DAIKIN CTKC20RVM4,CTKC20RVM4,CTKC20RVM4
DAIKIN CTKC25RVM4,CTKC25RVM4,CTKC25RVM4
DAIKIN CTKC35RVM4,CTKC35RVM4,CTKC35RVM4
DAIKIN CTKC50RVM4,CTKC50RVM4,CTKC50RVM4
JASA CUCI & PERBAIKAN,CUCI-PERBAIKAN,CUCI-PERBAIKAN
REIWA CW-0501RA,CW0501RA,CW0501RA
REIWA CW-0901RA,CW0901RA,CW0901RA
MITSUBISHI ELECTRIC CY18-SW WH,CY18SWWH,CY18SWWH
SANKEN DB20G,DB20G,DB20G
DAIKIN R32 (9.5 KG),DCCR32,DCCR32
DINABOLT,DINABOLT,DINABOLT
DAIKIN DSP R32,DSPR32,DSPR32
"ETERNA 2X1,5MM",ETERNA2X1.5MM,ETERNA2X1.5MM
,,
"ETERNA 2X2,5MM",ETERNA2X2.5MM,ETERNA2X2.5MM
,,
,,
"ETERNA 3X1,5MM",ETERNA3X1.5MM,ETERNA3X1.5MM
,,
,,
"ETERNA 3X2,5MM",ETERNA3X2.5MM,ETERNA3X2.5MM
,,
,,
"ETERNA 4X2,5MM",ETERNA4X2.5MM,ETERNA4X2.5MM
,,
ETERNA 4X4MM,ETERNA4X4MM,ETERNA4X4MM
,,
"ENTALPIA 1/4-1/2""",ETP1412,ETP1412
,,
,,
MITSUBISHI ELECTRIC EX-20SC5T,EX20SC5T,EX20SC5T
GEA EXPO-1050AH/CN,EXPO1050AHCN,EXPO1050AHCN
GEA EXPO-480WG,EXPO480WG,EXPO480WG
GEA EXPO600AH,EXPO600AH,EXPO600AH
FLIFE FAC-05FC00,FAC05FC00,FAC05FC00
FLIFE FAC-05FM002,FAC05FM002,FAC05FM002
FLIFE FAC-09FC00,FAC09FC00,FAC09FC00
FLIFE FAC-09FM002,FAC09FM002,FAC09FM002
FAN BLADE FDT71CRS,FAN BLADE,FAN BLADE
MITSUBISHI HEAVY INDUSTRI FDE100CSVS,FDE100CSVS,FDE100CSVS
MITSUBISHI HEAVY INDUSTRI FDE71CNVXS,FDE71CNVXS,FDE71CNVXS
MITSUBISHI HEAVY INDUSTRIES FDF125CSV,FDF125CSV,FDF125CSV
MITSUBISHI HEAVY INDUSTRIES FDF140CSV,FDF140CSV,FDF140CSV
MITSUBISHI HEAVY INDUSTRIES FDF71CNSV,FDF71CNSV,FDF71CNSV
MITSUBISHI HEAVY INDUSTRIES FDT100CSVS,FDT100CSVS,FDT100CSVS
MITSUBISHI HEAVY INDUSTRIES FDT125CSV-S,FDT125CSVS,FDT125CSVS
MITSUBISHI HEAVY INDUSTRIES FDT140CSV-S,FDT140CSVS,FDT140CSVS
MITSUBISHI HEAVY INDUSTRIES FDT50CNVS,FDT50CNVS,FDT50CNVS
MITSUBISHI HEAVY INDUSTRIES FDT50CRS,FDT50CRS,FDT50CRS
MITSUBISHI HEAVY INDUSTRIES FDT71CNV-S,FDT71CNVS,FDT71CNVS
PANASONIC F-EP404-A2,FEP404A2,FEP404A2
PANASONIC F-EQ405-H,FEQ405H,FEQ405H
PANASONIC F-EU309-A2,FEU309A2,FEU309A2
PANASONIC F-EU409-A2,FEU409A2,FEU409A2
PANASONIC FEY1511-K,FEY1511K,FEY1511K
PANASONIC FEY1511-W,FEY1511W,FEY1511W
PANASONIC FEY1520,FEY1520,FEY1520
PANASONIC F-GMG01A,FGMG01A,FGMG01A
GREE FGR20PDDNAX,FGR20PDDNAX,FGR20PDDNAX
GREE FGR40PD/DNA-X,FGR40PDDNAX,FGR40PDDNAX
INDOOR SHFC140DY,FHFC140DV14,FHFC140DV14
GREE FM-1.25-12-K,FM12512K,FM12512K
GREE FM-1.25-9-K,FM1259K,FM1259K
SHARP FP-F30Y,FPF30Y,FPF30Y
PANASONIC F-PXM55A,FPXM55A,FPXM55A
PANASONIC FPXU70AWN,FPXU70AWN,FPXU70AWN
FLIFE FTA-ACOOL4,FTAACOOL4,FTAACOOL4
PANASONIC FV-15CSD,FV15CSD,FV15CSD
PANASONIC FV-15TGU1-W,FV15TGU1W,FV15TGU1W
PANASONIC FV-17CDUN,FV17CDUN,FV17CDUN
PANASONIC FV-18NS3,FV18NS3,FV18NS3
PANASONIC FV-20TGU5-W,FV20TGU5W,FV20TGU5W
PANASONIC FV-24CDUN,FV24CDUN,FV24CDUN
PANASONIC FV-25RUN5-W,FV25RUN5W,FV25RUN5W
PANASONIC FV-25TGU5-W,FV25TGU5W,FV25TGU5W
PANASONIC FV-30RUN5-W,FV30RUN5W,FV30RUN5W
PANASONIC FV-40AFU,FV40AFU,FV40AFU
DAIKIN - WALL MOUNTED INDOOR,FXAQ20AVM4,FXAQ20AVM4
DAIKIN - WALL MOUNTED INDOOR,FXAQ32AVM4,FXAQ32AVM4
DAIKIN - WALL MOUNTED INDOOR,FXAQ40AVM4,FXAQ40AVM4
DAIKIN - ROUND FLOW CASSETTE (FRESH WHITE) - INDOOR,FXFQ63AVAF4,FXFQ63AVAF4
PANASONIC FY-2509U1NAN,FY2509U1NAN,FY2509U1NAN
PANASONIC FY-2512U1NAN,FY2512U1NAN,FY2512U1NAN
PANASONIC FY-2515U1NAN,FY2515U1NAN,FY2515U1NAN
PANASONIC FY-3012U1NAN,FY3012U1NAN,FY3012U1NAN
PANASONIC FY-3015U1NAN,FY3015U1NAN,FY3015U1NAN
PANASONIC FY-3509U1NAN,FY3509U1NAN,FY3509U1NAN
PANASONIC FY-3512U1NAN,FY3512U1NAN,FY3512U1NAN
GREE GCA-ACOOL60,GCAACOOL60,GCAACOOL60
GREE GCA-CIRCOOL25,GCACIRCOOL25,GCACIRCOOL25
GREE GCC-400DENA,GCC400DENA,GCC400DENA
LG GCFB507PQAM,GCFB507PQAM,GCFB507PQAM
"GEVER INVERTER 1/4-1/2""",GEVER1412,GEVER1412
,,
,,
"GEVER INVERTER 1/4-3/8""",GEVER1438,GEVER1438
,,
,,
"GEVER INVERTER 1/4-5/8""",GEVER1458,GEVER1458
,,
,,
GEA GMB50,GMB50,GMB50
LG GN-INV304SL,GNINV304SL,GNINV304SL
GREE GPC-12P1,GPC12P1,GPC12P1
SAG 100 X 15 CM,GRILL10015,GRILL10015
SHARP GS-A48ACY,GSA48ACY,GSA48ACY
GREE GTA-ACOOL4,GTAACOOL4,GTAACOOL4
GREE GTA-ACOOL6,GTAACOOL6,GTAACOOL6
GREE GU100PHS,GU100PHS,GU100PHS
GREE GU100T/A-K,GU100TAK,GU100TAK
GREE GU100ZD/A-K,GU100ZDAK,GU100ZDAK
GREE GU125T/A-K,GU125TAK,GU125TAK
GREE GU140PHS,GU140PHS,GU140PHS
GREE GU140T/A-K,GU140TAK,GU140TAK
GREE GU160T/A-K,GU160TAK,GU160TAK
GREE GU35PS/A-K,GU35PSAK,GU35PSAK
GREE GU71PHS,GU71PHS,GU71PHS
GREE GU71T/A-K,GU71TAK,GU71TAK
GREE GU71ZD/A-K,GU71ZDAK,GU71ZDAK
GREE GUD50T/A-K,GUD50TAK,GUD50TAK
GREE GVC-24STS,GVC24STS,GVC24STS
GREE GVC-24STSS,GVC24STSS,GVC24STSS
GREE GVC-48STS(S)ECO,GVC48STSSECO,GVC48STSSECO
GREE GVC55TS(S),GVC55TS(S),GVC55TS(S)
GREE GWC0505CS,GWC0505CS,GWC0505CS
GREE GWC0507CSS,GWC0507CSS,GWC0507CSS
GREE GWC-05C3ES,GWC05C3ES,GWC05C3ES
GREE GWC-05F1,GWC05F1,GWC05F1
GREE GWC-05F1S,GWC05F1S,GWC05F1S
GREE GWC-05F5S,GWC05F5S,GWC05F5S
GREE GWC-05MOO5A,GWC05MOO5A,GWC05MOO5A
GREE GWC-05MOO5S,GWC05MOO5S,GWC05MOO5S
GREE GWC0707CS,GWC0707CS,GWC0707CS
GREE GWC-07C3ES,GWC07C3ES,GWC07C3ES
GREE GWC-07MOO5A,GWC07MOO5A,GWC07MOO5A
GREE GWC-07MOO5S,GWC07MOO5S,GWC07MOO5S
GREE GWC-09C3ES,GWC09C3ES,GWC09C3ES
GREE GWC-09F1S,GWC09F1S,GWC09F1S
GREE GWC-09F5S,GWC09F5S,GWC09F5S
GREE GWC-09MOO5A,GWC09MOO5A,GWC09MOO5A
GREE GWC-09MOO5S,GWC09MOO5S,GWC09MOO5S
GREE GWC-12C3E,GWC12C3E,GWC12C3E
GREE GWC-12F1,GWC12F1,GWC12F1
GREE GWC-12F1S,GWC12F1S,GWC12F1S
GREE GWC-12F5S,GWC12F5S,GWC12F5S
GREE GWC-12MOO5A,GWC12MOO5A,GWC12MOO5A
GREE GWC-12MOO5S,GWC12MOO5S,GWC12MOO5S
GREE GWC-12N1A,GWC12N1A,GWC12N1A
GREE GWC-18F5S,GWC18F5S,GWC18F5S
GREE GWC-18MOO5A,GWC18MOO5A,GWC18MOO5A
GREE GWC-18MOO5S,GWC18MOO5S,GWC18MOO5S
GREE GWC-18N1A,GWC18N1A,GWC18N1A
GREE GWC-18STS,GWC18STS,GWC18STS
GREE GWC-24F5S,GWC24F5S,GWC24F5S
GREE GWC-24MOO5,GWC24MOO5,GWC24MOO5
GREE GWC-24MOO5S,GWC24MOO5S,GWC24MOO5S
GWC-48STS(S) ECO,GWC48STS(S)ECO,GWC48STS(S)ECO
LG H05TN4.NINCAX5,H05TN4NINCAX5,H05TN4NINCAX5
LG H05TN4.SCAX,H05TN4SCAX,H05TN4SCAX
LG H07TN4.SCAX,H07TN4SCAX,H07TN4SCAX
LG H09TN4.SCAX,H09TN4SCAX,H09TN4SCAX
"HONSHU 1/2""-3/4"" (0,65-0,89)",H1234,H1234
,,
,,
LG H12TN4.SCAX,H12TN4SCAX,H12TN4SCAX
"HONSHU 1/4""-1/2"" (0,61-0,65)",H1412,H1412
,,
,,
"HONSHU 1/4""-3/8"" (0,61-0,61)",H1438,H1438
,,
,,
"HONSHU 1/4""-5/8"" (0,61-0,71)",H1458,H1458
,,
,,
LG H18TN4.SCAX,H18TN4SCAX,H18TN4SCAX
"HONSHU 3/8""-3/4"" (0,65-0,89)",H3834,H3834
,,
,,
"HONSHU 3/8""-5/8"" (0,61-0,71)",H3858,H3858
,,
,,
"HD PIPA BATANG 5/8"" TEBAL 1.02 MM",HDASTML5/8X1.02MM,HDASTML5/8X1.02MM
,,
HD BRAKET 2 PK,HDBRAKET2PK,HDBRAKET2PK
HD DUCT TAPE NON LEM,HDDUCTTAPENONLEM,HDDUCTTAPENONLEM
"HD INVERTER 3/8-3/4""",HDINV3834,HDINV3834
,,
,,
"HD PREMIUM 1/4-1/2""",HDPREM1412,HDPREM1412
,,
"HD PREMIUM 1/4-3/8""",HDPREM1438,HDPREM1438
,,
HD SPIRAL DRAIN,HDSPIRALDRAIN,HDSPIRALDRAIN
,,
HODA 1/4 - 1/2,HODA1412,HODA1412
,,
HONSHU HSAC09SS,HSAC09SS,HSAC09SS
HONSHU HSAC09ST,HSAC09ST,HSAC09ST
HONSHU HSAC12SS,HSAC12SS,HSAC12SS
HONSHU HSAC12ST,HSAC12ST,HSAC12ST
HONSHU HSAC98,HSAC98,HSAC98
HONSHU HSAP40,HSAP40,HSAP40
HONSHU HSCS25-8W,HSCS258W,HSCS258W
HONSHU HSCS48-8W,HSCS48,HSCS48
HONSHU HSDT252,HSDT252,HSDT252
HAIER HSU-18GTX03,HSU18GTX03,HSU18GTX03
HONSHU HSWS-05ES,HSWS05ES,HSWS05ES
HONSHU HSWS-09ES,HSWS09ES,HSWS09ES
HONSHU HSWS-12ES,HSWS12ES,HSWS12ES
HONSHU HSWS-18ES,HSWS18ES,HSWS18ES
HONSHU HSWS-24ES,HSWS24ES,HSWS24ES
SANKEN HWD-C500E,HWDC500E,HWDC500E
LG APNQ100LFA0 (INDOOR),IN-APNQ100LFA0,IN-APNQ100LFA0
LG APNQ200LNA0 (INDOOR),IN-APNQ200LNA0,IN-APNQ200LNA0
MATERIAL DAN PEMASANGAN POMPA DRAIN,INSTALASI,INSTALASI
"HD INSULATION 1""",INSULATION1,INSULATION1
,,
"HD INSULATION 1.3/8""",INSULATION1.38,INSULATION1.38
,,
"HD INSULATION 1.5/8""",INSULATION1.58,INSULATION1.58
,,
"HD INSULATION 1/4""x3/8""x1.8M",INSULATION14X38,INSULATION14X38
,,
"HD INSULATION 2.1/8""",INSULATION2.18,INSULATION2.18
,,
"HD INSULATION 3/4""",INSULATION34,INSULATION34
,,
"HD INSULATION 3/8""x3/8""x1.8M",INSULATION38X38,INSULATION38X38
,,
"HD INSULATION 5/8""",INSULATION58,INSULATION58
,,
DAIKIN IPC-23ASTM,IPC23ASTM,IPC23ASTM
,,
DAIKIN IPC-24ASTM,IPC24ASTM,IPC24ASTM
,,
DAIKIN IPC-25ASTM,IPC25ASTM,IPC25ASTM
,,
DAIKIN IPC-35ASTM,IPC35ASTM,IPC35ASTM
,,
SEKAI IWF3478,IWF3478,IWF3478
JASA TARIK PIPA,JASA,JASA
JASA BONGKAR AC,JASABONGKARAC,JASABONGKARAC
JASA BONGKAR INSTALASI LAMA,JASABONGKARINSTALASILAMA,JASABONGKARINSTALASILAMA
JASA BONGKAR PASANG,JASABONGKARPASANG,JASABONGKARPASANG
JASA BOOTH AC,JASABOOTHAC,JASABOOTHAC
JASA MANAGEMENT,JASAMANAGEMENT,JASAMANAGEMENT
JASA PEMASANGAN,JASAPEMASANGAN,JASAPEMASANGAN
JASA PERBAIKAN,JASAPERBAIKAN,JASAPERBAIKAN
JASA PASANG SIGNBOARD & RAK DISPLAY,JASASIGNBOARDDISPLAY,JASASIGNBOARDDISPLAY
JASA SUPPORT,JASASUPPORT,JASASUPPORT
PEMBUATAN DUMMY DISPLAY RAK (3 INDOOR 1 OUTDOOR),JASASUPPORTDUMMYDISPLAY,JASASUPPORTDUMMYDISPLAY
PEMBUATAN DISPLAY RAK,JASASUPPORTPEMBUATANDISPLAYRAK,JASASUPPORTPEMBUATANDISPLAYRAK
SEWA MODUL DISPLAY PERTAHUN,JASASUPPORTSEWAMODULDISPLAY,JASASUPPORTSEWAMODULDISPLAY
SEWA SIGN SHOP SPACE PERTAHUN,JASASUPPORTSEWASIGNSHOPSPACE,JASASUPPORTSEWASIGNSHOPSPACE
JOINT TRAY C 10CM ELECTRO,JCE10,JCE10
"DAIKIN 1/4-3/8"" K-HPF2330A",KHPF2330A,KHPF2330A
,,
"DAIKIN 3/8-5/8"" K-HPF35A",KHPF35A,KHPF35A
,,
DAIKIN - REFNET JOINT,KHRP26A22T7,KHRP26A22T7
DAIKIN - REFNET JOINT,KHRP26A33T7,KHRP26A33T7
DAIKIN - REFNET JOINT,KHRP26A72T7,KHRP26A72T7
CHANGHONG L40G5W,L40G5W,L40G5W
CHANGHONG L40H7,L40H7,L40H7
CHANGHONG L43H7,L43H7,L43H7
CHANGHONG L50H7,L50H7,L50H7
PRODUCT SUPPORT DISC DISPLAY AC,LAINLAIN,LAINLAIN
GREE LF28WPDNAM,LF28WPDNAM,LF28WPDNAM
MATERIAL AC,MATERIAL-AC,MATERIAL-AC
MUR BAUT,MB,MB
DAIKIN MC30YVM7,MC30YVM7,MC30YVM7
DAIKIN MC40UVM6,MC40UVM6,MC40UVM6
DAIKIN MC55UVM6,MC55UVM6,MC55UVM6
MIDEA MCD-18CRDN2,MCD18CRDN2,MCD18CRDN2
MIDEA MCD-18CRN,MCD18CRN,MCD18CRN
MIDEA MCD-24CRN,MCD24CRN,MCD24CRN
MIDEA MCD3-24CRN,MCD3-24CRN,MCD3-24CRN
DAIKIN MCK55TVM6,MCK55TVM6,MCK55TVM6
SAMSUNG - TOUCH CONTROLLER - MCMA300N,MCMA300N,MCMA300N
DAIKIN MCQ30ZVM7-H,MCQ30ZVM7H,MCQ30ZVM7H
MIDEA MFGB2-24CRN2,MFGB2-24CRN2,MFGB2-24CRN2
MIDEA MFGB2-48CRN1,MFGB2-48CRN1,MFGB2-48CRN1
DAIKIN MKC50RVM4,MKC50RVM4,MKC50RVM4
DAIKIN MKC70RVM4,MKC70RVM4,MKC70RVM4
MIDEA MPF2-09CRN1,MPF209CRN1,MPF209CRN1
MIDEA MPF2-12CRN1,MPF212CRN1,MPF212CRN1
MIDEA MPHA-05CRN7,MPHA05CRN7,MPHA05CRN7
MIDEA MPHA-09CRN7,MPHA09CRN7,MPHA09CRN7
MIDEA MSAF05CRN2,MSAF05CRN2,MSAF05CRN2
MIDEA MSAF07CRN2,MSAF07CRN2,MSAF07CRN2
MIDEA MSAF09CRN2,MSAF09CRN2,MSAF09CRN2
MIDEA MSAF12CRN2,MSAF12CRN2,MSAF12CRN2
MIDEA MSAF18CRN2,MSAF18CRN2,MSAF18CRN2
MIDEA MSAF24CRN2,MSAF24CRN2,MSAF24CRN2
MIDEA MSFC05CRN1-32,MSFC05CRN1-32,MSFC05CRN1-32
MIDEA MSFC05CRN2X,MSFC05CRN2X,MSFC05CRN2X
MIDEA MSFC09CRN1-32,MSFC09CRN1-32,MSFC09CRN1-32
MIDEA MSFC09CRN2X,MSFC09CRN2X,MSFC09CRN2X
MIDEA MSFC12CRN1-32,MSFC12CRN1-32,MSFC12CRN1-32
MIDEA MSFO05CRLN2,MSFO05CRLN2,MSFO05CRLN2
MIDEA MSFO09CRLN2,MSFO09CRLN2,MSFO09CRLN2
MIDEA MSIAF05CRDN2X,MSIAF05CRDN2X,MSIAF05CRDN2X
MIDEA MSIAF09CRDN2X,MSIAF09CRDN2X,MSIAF09CRDN2X
MIDEA MSIAF12CRDN2X,MSIAF12CRDN2X,MSIAF12CRDN2X
MIDEA MSIAF18CRDN2X,MSIAF18CRDN2X,MSIAF18CRDN2X
MITSUBISHI ELECTRIC MS/MU-JR10VF,MSMUJR10VF,MSMUJR10VF
MIDEA MTI-18HWN1,MTI18HWN1,MTI18HWN1
MIDEA MTI-24HWN1,MTI24HWN1,MTI24HWN1
SAMSUNG - WIRED REMOTE - MWRSH11N,MWRSH11N,MWRSH11N
SAMSUNG - Y JOINT - MXJYA1509M,MXJYA1509M,MXJYA1509M
SAMSUNG - Y JOINT - MXJYA2512M,MXJYA2512M,MXJYA2512M
"HD NEPEL 1/4""",NEPEL14,NEPEL14
"HD NEPEL 5/8""",NEPEL58,NEPEL58
NILAI PENGGANTI,NP,NP
PANASONIC ELECTRIC OVEN TOASTER,NTH900KSR,NTH900KSR
LG APNQ100LFA0 (OUTDOOR),OU-APNQ100LFA0,OU-APNQ100LFA0
LG APNQ200LNA0 (OUTDOOR),OU-APNQ200LNA0,OU-APNQ200LNA0
"ZUTTO 1/2""-3/4"" (0,65-0,89)",P1234,P1234
,,
,,
"ZUTTO 1/4""-1/2"" (0,61-0,65)",P1412,P1412
,,
,,
"ZUTTO 1/4""-3/8"" (0,61-0,61)",P1438,P1438
,,
,,
"ZUTTO 1/4""-5/8"" (0,61-0,71)",P1458,P1458
,,
,,
"ZUTTO 3/8""-3/4"" (0,65-0,89)",P3834,P3834
,,
"ZUTTO 3/8""-5/8"" (0,61-0,71)",P3858,P3858
,,
POLYTRON PAC-050518-MS,PAC050518MS,PAC050518MS
POLYTRON PAC-050918-MS,PAC050918MS,PAC050918MS
POLYTRON PAC05VH,PAC05VH,PAC05VH
POLYTRON PAC05VZ,PAC05VZ,PAC05VZ
POLYTRON PAC05VZI,PAC05VZI,PAC05VZI
POLYTRON PAC05VZS,PAC05VZS,PAC05VZS
POLYTRON PAC05VZSI,PAC05VZSI,PAC05VZSI
POLYTRON PAC07VH,PAC07VH,PAC07VH
POLYTRON PAC09VH,PAC09VH,PAC09VH
POLYTRON PAC09VZ,PAC09VZ,PAC09VZ
POLYTRON PAC09VZI,PAC09VZI,PAC09VZI
POLYTRON PAC09VZS,PAC09VZS,PAC09VZS
POLYTRON PAC09VZSI,PAC09VZSI,PAC09VZSI
POLYTRON PAC12VH,PAC12VH,PAC12VH
POLYTRON PAC12VZ,PAC12VZ,PAC12VZ
POLYTRON PAC12VZS,PAC12VZS,PAC12VZS
POLYTRON PAC18VH,PAC18VH,PAC18VH
POLYTRON PAC18VZ,PAC18VZ,PAC18VZ
POLYTRON PAC18VZS,PAC18VZS,PAC18VZS
POLYTRON PAC24VH,PAC24VH,PAC24VH
PANASONIC 3/8-5/8,PAN3858,PAN3858
,,
PANEL DISPLAY AIR CURTAIN,PANELDISPLAY,PANELDISPLAY
PASIFIC DUCT TAPE LEM,PASIFIC-DTL,PASIFIC-DTL
PASIFIC DUCT TAPE NON LEM,PASIFIC-DTNL,PASIFIC-DTNL
"SHARP 1/4""-3/8"" (0,50-0,60)",PB40509,PB40509
,,
"SAMSUNG - 1WAY WINDFREE PANEL (056, 071) - PC1BWFMAN",PC1BWFMAN,PC1BWFMAN
"SAMSUNG - 360 PANEL EXPOSED, CIRCLE WHITE - PC4NUNMAN",PC4NUNMAN,PC4NUNMAN
PCB AIR CURTAIN,PCB,PCB
DSP PAN CAKE 3/8,PCC38ASTM,PCC38ASTM
,,
DSP PAN CAKE 5/8,PCC58ASTM,PCC58ASTM
,,
POLYTRON PCT2032,PCT2032,PCT2032
POLYTRON PCT3032,PCT3032,PCT3032
POLYTRON PCT5032,PCT5032,PCT5032
OPSIONAL REMOTE WIRED FDT125CSVS,PJA502A800BC,PJA502A800BC
POLYTRON PLD-43CV8869,PLD43CV8869,PLD43CV8869
POLYTRON PLD43UG5959,PLD43UG5959,PLD43UG5959
POLYTRON PRH51R/X,PRH51R/X,PRH51R/X
POLYTRON PSF1032,PSF1032,PSF1032
POLYTRON PSF2032,PSF2032,PSF2032
POLYTRON PSF3032,PSF3032,PSF3032
POLYTRON PSF5032,PSF5032,PSF5032
LG PANEL ZTNQ48LMLA0,PTMCGW0ENCXCOM,PTMCGW0ENCXCOM
LG PANEL PT-TAHG0.ENCXGLO,PTTAHG0ENCXGLO,PTTAHG0ENCXGLO
"MASPION PVC 1/2""",PVC1/2,PVC1/2
,,
OUTDOOR AC SPLIT,PVC1/2 AC,PVC1/2 AC
MASPION PW506,PW506,PW506
POLYTRON PWC-600,PWC600,PWC600
POLYTRON PWC-776,PWC776,PWC776
POLYTRON PWN1076,PWN1076,PWN1076
DAIKIN R32 (3 KG),R320201,R320201
DAIKIN REFRIGERANT R410,R410201,R410201
REFRIGERANT R410A-11.3KG,R410A-11.3KG,R410A-11.3KG
REMOTE AIR CURTAIN,REMOTEAIRCURTAIN,REMOTEAIRCURTAIN
"ZUTTO PANCAKE 1/2"" (0,80)",RODA12,RODA12
,,
"ZUTTO PANCAKE 1/4"" (0,80)",RODA14,RODA14
,,
"ZUTTO PANCAKE 3/4"" (0,90)",RODA34,RODA34
,,
"ZUTTO PANCAKE 3/8"" (0,80)",RODA38,RODA38
,,
"ZUTTO PANCAKE 5/8"" (0,90)",RODA58,RODA58
,,
RIFO PROTECTIVE PIPE,RPS001,RPS001
RIFO STRAIGHT COUPLING,RPS003,RPS003
"RIFO 90"" ELBOW",RPS004,RPS004
"RIFO 90"" FLAT ELBOW",RPS006,RPS006
RIFO REDUCER END CAP,RPS007,RPS007
"RIFO 90"" ENTRY WALL COVER",RPS008,RPS008
GEA RTW-160L-5,RTW160L5,RTW160L5
HITACHI R-VGX48PGD9GBK,RVGX48PGD9GBK,RVGX48PGD9GBK
DAIKIN - OUTDOOR,RXQ12AY14,RXQ12AY14
OUTDOOR SHFC140DY,RZFC140DY14,RZFC140DY14
PANASONIC CORDLESS EARPHONE,RZS300WEK,RZS300WEK
SANSUI S05LL,S05LL,S05LL
SANSUI S09LL,S09LL,S09LL
"ZUTTO 1/4""-1/2"" (0,40-0,51)",S1412,S1412
,,
,,
"ZUTTO 1/4""-3/8"" (0,40-0,45)",S1438,S1438
,,
,,
"ZUTTO 1/4""-5/8"" (0,40-0,61)",S1458,S1458
,,
,,
DAIKIN S2DN200V,S2DN200V,S2DN200V
"ARA 1/4""-3/8"" (0,40-0,40)",SA1438,SA1438
,,
,,
SAMITECH BRAKET 1 PK,SAMITECH1PK,SAMITECH1PK
"SAMITECH BRAKET 2,5 PK",SAMITECH2.5PK,SAMITECH2.5PK
DAIKIN SBFC100DYR,SBFC100DYR,SBFC100DYR
DAIKIN SBFC140DYR,SBFC140DYR,SBFC140DYR
DAIKIN SBFC40DVL,SBFC40DVL,SBFC40DVL
DAIKIN SBFC40DVR,SBFC40DVR,SBFC40DVR
DAIKIN SBFC50DVL,SBFC50DVL,SBFC50DVL
DAIKIN SBFC50DVR,SBFC50DVR,SBFC50DVR
DAIKIN SBFC60DVR,SBFC60DVR,SBFC60DVR
DAIKIN SBFC71DVR,SBFC71DVR,SBFC71DVR
DAIKIN SBFC71DYL,SBFC71DYL,SBFC71DYL
DAIKIN SBFC71DYR,SBFC71DYR,SBFC71DYR
DAIKIN SBFC85DVL,SBFC85DVL,SBFC85DVL
DAIKIN SBFC85DVR,SBFC85DVR,SBFC85DVR
DAIKIN SC100DXYL,SC100DXYL,SC100DXYL
DAIKIN SC50CXVL,SC50CXVL,SC50CXVL
DAIKIN SC71CXVL,SC71CXVL,SC71CXVL
DAIKIN SCC100AYL,SCC100AYL,SCC100AYL
DAIKIN SCC125AYL,SCC125AYL,SCC125AYL
DAIKIN SCC125AYR,SCC125AYR,SCC125AYR
DAIKIN SCC140AYL,SCC140AYL,SCC140AYL
DAIKIN SCC50AVL,SCC50AVL,SCC50AVL
DAIKIN SCC60AVL,SCC60AVL,SCC60AVL
DAIKIN SCC85AVL,SCC85AVL,SCC85AVL
DAIKIN SCC85AYL,SCC85AYL,SCC85AYL
DAIKIN SCC85AYR,SCC85AYR,SCC85AYR
DAIKIN SCE125AYL,SCE125AYL,SCE125AYL
DAIKIN SCE71AVL,SCE71AVL,SCE71AVL
DAIKIN SCFC125DYL,SCFC125DYL,SCFC125DYL
DAIKIN SCFC125DYR,SCFC125DYR,SCFC125DYR
DAIKIN SCFC140DYL,SCFC140DYL,SCFC140DYL
DAIKIN SCFC50DVL,SCFC50DVL,SCFC50DVL
DAIKIN SCFC50DVR,SCFC50DVR,SCFC50DVR
DAIKIN SCFC60DVL,SCFC60DVL,SCFC60DVL
DAIKIN SCFC60DVR,SCFC60DVR,SCFC60DVR
DAIKIN SCFC71DVL,SCFC71DVL,SCFC71DVL
DAIKIN SCFC71DVR,SCFC71DVR,SCFC71DVR
DAIKIN SCFC71DYL,SCFC71DYL,SCFC71DYL
DAIKIN SCFC71DYR,SCFC71DYR,SCFC71DYR
DAIKIN SCFC85DVL,SCFC85DVL,SCFC85DVL
DAIKIN SCFC85DVR,SCFC85DVR,SCFC85DVR
DAIKIN SCFG125AYL,SCFG125AYL,SCFG125AYL
DAIKIN SCFG140AYL,SCFG140AYL,SCFG140AYL
DAIKIN SCFG60AVL,SCFG60AVL,SCFG60AVL
DAIKIN SCFG71AVL,SCFG71AVL,SCFG71AVL
DAIKIN SCFG85AVL,SCFG85AVL,SCFG85AVL
DAIKIN SDMC100AYL,SDMC100AYL,SDMC100AYL
DAIKIN SDMC100AYR,SDMC100AYR,SDMC100AYR
DAIKIN SDMC125AYL,SDMC125AYL,SDMC125AYL
DAIKIN SDMC125AYR,SDMC125AYR,SDMC125AYR
DAIKIN SDMC140AYL,SDMC140AYL,SDMC140AYL
DAIKIN SDMC140AYR,SDMC140AYR,SDMC140AYR
DAIKIN SDMC50AVL,SDMC50AVL,SDMC50AVL
DAIKIN SDMC50AVR,SDMC50AVR,SDMC50AVR
DAIKIN SDMC60AVL,SDMC60AVL,SDMC60AVL
DAIKIN SDMC60AVR,SDMC60AVR,SDMC60AVR
DAIKIN SDMC85AYR,SDMC85AYR,SDMC85AYR
DAIKIN SDMNQ13MVR,SDMNQ13MVR,SDMNQ13MVR
DAIKIN SDMNQ18MVR,SDMNQ18MVR,SDMNQ18MVR
DAIKIN SDMNQ26MYR,SDMNQ26MYR,SDMNQ26MYR
DAIKIN SDMNQ42MYR,SDMNQ42MYR,SDMNQ42MYR
DAIKIN SDN150H,SDN150H,SDN150H
DAIKIN SDR400PY,SDR400PY,SDR400PY
SERVICE FEE,SF,SF
DAIKIN SHFC100DYL,SHFC100DYL,SHFC100DYL
DAIKIN SHFC125DYL,SHFC125DYL,SHFC125DYL
DAIKIN SHFC140DYL,SHFC140DYL,SHFC140DYL
DAIKIN SHFC71DVR,SHFC71DVR,SHFC71DVR
DAIKIN SHNQ30MYL,SHNQ30MYL,SHNQ30MYL
SHARP SJ-X167MG-DP/DB,SJX167MGDPDB,SJX167MGDPDB
MITSUBISHI HEAVY INDUSTRIES SRK05CR,SRK05CR,SRK05CR
MITSUBISHI HEAVY INDUSTRIES SRK05CXP,SRK05CXP,SRK05CXP
MITSUBISHI HEAVY INDUSTRIES SRK09CTR,SRK09CTR,SRK09CTR
MITSUBISHI HEAVY INDUSTRIES SRK09CXP,SRK09CXP,SRK09CXP
MITSUBISHI HEAVY INDUSTRIES SRK10CRS,SRK10CRS,SRK10CRS
MITSUBISHI HEAVY INDUSTRIES SRK10YW,SRK10YW,SRK10YW
MITSUBISHI HEAVY INDUSTRIES SRK10YXP,SRK10YXP,SRK10YXP
MITSUBISHI HEAVY INDUSTRIES SRK12CT,SRK12CT,SRK12CT
MITSUBISHI HEAVY INDUSTRIES SRK12CXP,SRK12CXP,SRK12CXP
MITSUBISHI HEAVY INDUSTRIES SRK18CS,SRK18CS,SRK18CS
MITSUBISHI HEAVY INDUSTRIES SRK18CXP,SRK18CXP,SRK18CXP
MITSUBISHI HEAVY INDUSTRIES SRK18YW,SRK18YW,SRK18YW
MITSUBISHI HEAVY INDUSTRIES SRK18YXP,SRK18YXP,SRK18YXP
MITSUBISHI HEAVY INDUSTRIES SRK24CS,SRK24CS,SRK24CS
MITSUBISHI HEAVY INDUSTRIES SRK24CXP,SRK24CXP,SRK24CXP
SANDEN SSB-0500,SSB0500,SSB0500
DAIKIN STC-15NV,STC15NV,STC15NV
DAIKIN STC-20NV,STC20NV,STC20NV
DAIKIN STC-25NV,STC25NV,STC25NV
DAIKIN STC-35NV,STC35NV,STC35NV
DAIKIN STC-50NV,STC50NV,STC50NV
DAIKIN STC-50XV,STC50XV,STC50XV
DAIKIN STC-60NV,STC60NV,STC60NV
MASKO STEKER,STEKER,STEKER
DAIKIN STKC-15TV,STKC15TV,STKC15TV
DAIKIN STKC-20TV,STKC20TV,STKC20TV
DAIKIN STKC-25TV,STKC25TV,STKC25TV
DAIKIN STKC-35TV,STKC35TV,STKC35TV
DAIKIN STKC-50TV,STKC50TV,STKC50TV
DAIKIN STKC-60TV,STKC60TV,STKC60TV
DAIKIN STKC71TV,STKC71TV,STKC71TV
DAIKIN STKF-25AV,STKF25AV,STKF25AV
DAIKIN STKF-35AV,STKF35AV,STKF35AV
DAIKIN STKF-50AV,STKF50AV,STKF50AV
DAIKIN STKF-60AV,STKF60AV,STKF60AV
DAIKIN STKM-25SV,STKM25SV,STKM25SV
DAIKIN STKM-35SV,STKM35SV,STKM35SV
DAIKIN STKM-50SV,STKM50SV,STKM50SV
DAIKIN STKM-71SV,STKM71SV,STKM71SV
DAIKIN STKQ-15UV,STKQ15UV,STKQ15UV
DAIKIN STKQ-20UV,STKQ20UV,STKQ20UV
DAIKIN STKQ-25UV,STKQ25UV,STKQ25UV
DAIKIN STKQ-35UV,STKQ35UV,STKQ35UV
DAIKIN STKQ-50UV,STKQ50UV,STKQ50UV
DAIKIN STKQ-60UV,STKQ60UV,STKQ60UV
DAIKIN STKZ25XV,STKZ25XV,STKZ25XV
DAIKIN STKZ35XV,STKZ35XV,STKZ35XV
DAIKIN STKZ50XV,STKZ50XV,STKZ50XV
MASKO STOP KONTAK,STOP KONTAK,STOP KONTAK
DAIKIN STP-15AV9,STP15AV9,STP15AV9
DAIKIN STP-25AV9,STP25AV9,STP25AV9
DAIKIN STV-15CXV,STV15CXV,STV15CXV
DAIKIN STV-20CXV,STV20CXV,STV20CXV
DAIKIN STV-25CXV,STV25CXV,STV25CXV
DAIKIN STV-35CXV,STV35CXV,STV35CXV
DAIKIN STV-50CXV,STV50CXV,STV50CXV
DAIKIN STV-60CXV,STV60CXV,STV60CXV
PANASONIC S/U-18PUB1H5B,SU18PUB1H5B,SU18PUB1H5B
PANASONIC S/U-24PUB1H5B,SU24PUB1H5B,SU24PUB1H5B
PANASONIC S/U-30PUB1H5B,SU30PUB1H5B,SU30PUB1H5B
PANASONIC S/U-36PUB1H8B,SU36PUB1H8B,SU36PUB1H8B
PANASONIC S/U-48PTB1H8,SU48PTB1H8,SU48PTB1H8
PANASONIC S/U-48PUB1H8,SU48PUB1H8,SU48PUB1H8
PANASONIC S/U-60PUB1H8,SU60PUB1H8,SU60PUB1H8
"SUPREME 3X2,5MM",SUPREME3X2.5MM,SUPREME3X2.5MM
,,
,,
DAIKIN SV125DXYL,SV125DXYL,SV125DXYL
DAIKIN SV125DXYR,SV125DXYR,SV125DXYR
DAIKIN SV140DXYL,SV140DXYL,SV140DXYL
DAIKIN SV71CXVL,SV71CXVL,SV71CXVL
DAIKIN SV71CXVR,SV71CXVR,SV71CXVR
DAIKIN SV71CXYL,SV71CXYL,SV71CXYL
DAIKIN SVC100AYL,SVC100AYL,SVC100AYL
DAIKIN SVC125AYL,SVC125AYL,SVC125AYL
DAIKIN SVC125AYR,SVC125AYR,SVC125AYR
DAIKIN SVC140AYL,SVC140AYL,SVC140AYL
DAIKIN SVC85AVL,SVC85AVL,SVC85AVL
DAIKIN SVC85AYL,SVC85AYL,SVC85AYL
DAIKIN SVC85AYR,SVC85AYR,SVC85AYR
DAIKIN SVGR200PV,SVGR200PV,SVGR200PV
DAIKIN SVGR250QV,SVGR250QV,SVGR250QV
SPECTEK WALL FAN 26,SW26,SW26
SHARP SWD-66EHL-BP,SWD66EHLBP,SWD66EHLBP
SHARP SWD-83EHL-SL,SWD83EHLSL,SWD83EHLSL
LG T05EV5,T05EV5,T05EV5
LG T09EV5,T09EV5,T09EV5
LG T12EV5,T12EV5,T12EV5
LG T18EV5,T18EV5,T18EV5
TCL TAC05CSAX5,TAC05CSAX5,TAC05CSAX5
TCL TAC05CSDXA,TAC05CSDXA,TAC05CSDXA
TCL TAC05CSD/XS,TAC05CSDXS,TAC05CSDXS
TCL TAC09CSAX5,TAC09CSAX5,TAC09CSAX5
TCL TAC09CSD/XS,TAC09CSDXS,TAC09CSDXS
TCL TAC12CSAX5,TAC12CSAX5,TAC12CSAX5
TCL TAC12CSD/XS,TAC12CSDXS,TAC12CSDXS
TCL TAC18CSD/XS,TAC18CSDXS,TAC18CSDXS
TCL TAC24CSA,TAC24CSA,TAC24CSA
TCL TAC48CFA,TAC48CFA,TAC48CFA
"TATEYAMA 1/4-1/2""",TATEYAMA1412,TATEYAMA1412
,,
"TATEYAMA 1/4-3/8""",TATEYAMA1438,TATEYAMA1438
,,
"TATEYAMA 1/4-5/8""",TATEYAMA1458,TATEYAMA1458
,,
,,
"TATEYAMA 3/8 - 3/4""",TATEYAMA3834,TATEYAMA3834
,,
"TATEYAMA 3/8 -5/8""",TATEYAMA3858,TATEYAMA3858
,,
TRAY C 40X10 ELECTRO,TCE40x10,TCE40x10
,,
"TC INVERTER 1/4-3/8""",TCIN1438,TCIN1438
,,
,,
TRANSACTION FEE,TF,TF
JASA TRANSPORT,TRANSPORT,TRANSPORT
DAIKIN UCCP35BP,UCCP35BP,UCCP35BP
VECTO INV 1/4 - 1/2,VECTOINV1412,VECTOINV1412
,,
VECTO INV 1/4 - 3/8,VECTOINV1438,VECTOINV1438
,,
VECTO STD 1/4 - 1/2,VECTOSTD1412,VECTOSTD1412
,,
,,
VECTO STD 1/4 - 3/8,VECTOSTD1438,VECTOSTD1438
,,
PEMBELIAN PAKET CAMPAIGN,VPS,VPS
PENGADAAN UNIT AC DAIKIN,VRV DAIKIN,VRV DAIKIN
"WAVIN RUCIKA PVC AW 1/2""",WAVIN1/2,WAVIN1/2
,,
KDK WZ56P-GY,WZ56P-GY,WZ56P-GY
SONY UHD XR-65A80,XR65A80,XR65A80
"YUKKI 1/4-1/2""",YUKKI1412,YUKKI1412
,,
LG ZPNQ24GS1A0.EWGBEVH,ZPNQ24GS1A0.EWGBEVH,ZPNQ24GS1A0.EWGBEVH
LG ZPNQ30GR5E0.EWGBASA,ZPNQ30GR5E0.EWGBASA,ZPNQ30GR5E0.EWGBASA
LG ZPNQ36GT3E0.EWGHASA,ZPNQ36GT3E0.EWGHASA,ZPNQ36GT3E0.EWGHASA
LG ZPNQ48LT3A0.EWGHEVH,ZPNQ48LT3A0.EWGHEVH,ZPNQ48LT3A0.EWGHEVH
LG ZTNQ18GTLA0,ZTNQ18GTLA0,ZTNQ18GTLA0
LG ZTNQ24GTLA0,ZTNQ24GTLA0,ZTNQ24GTLA0
LG INDOOR ZTNQ24GTLA0.ENWHASA,ZTNQ24GTLA0ENWHASA,ZTNQ24GTLA0ENWHASA
LG ZTNQ48GYLA0,ZTNQ48GYLA0,ZTNQ48GYLA0
LG ZTNQ48LMLA0,ZTNQ48LMLA0,ZTNQ48LMLA0
LG OUTDOOR ZUAC1.EWGHASA,ZUAC1EWGHASA,ZUAC1EWGHASA
ZUTTO DUCT TAPE LEM,ZUTTO-DTL,ZUTTO-DTL
ZUTTO DUCT TAPE NON LEM,ZUTTO-DTNL,ZUTTO-DTNL
ZUTTO DUCT TAPE NON LEM CREAM,ZUTTO-DTNL-CR,ZUTTO-DTNL-CR
ZUTTO BRAKET 1 PK,ZUTTO1PK,ZUTTO1PK
"ZUTTO BRAKET 2,5 PK",ZUTTO2.5PK,ZUTTO2.5PK
ZUTTO CAR PURIFIER BLACK,ZUTTOCPURI-BLACK,ZUTTOCPURI-BLACK
ZUTTO CAR PURIFIER GREY,ZUTTOCPURI-GREY,ZUTTOCPURI-GREY
ZUTTO NECKLACE PURIFIER BLACK,ZUTTONCKLPURI-BLACK,ZUTTONCKLPURI-BLACK
ZUTTO NECKLACE PURIFIER WHITE,ZUTTONCKLPURI-WHITE,ZUTTONCKLPURI-WHITE
ZUTTO SPORT PURIFIER,ZUTTOSPURI,ZUTTOSPURI
